2022.10.01 0:00	15
2022.10.01 1:00	9
2022.10.01 2:00	10
2022.10.01 3:00	11
2022.10.01 4:00	13
2022.10.01 5:00	14
2022.10.01 6:00	13
2022.10.01 7:00	13
2022.10.01 8:00	5
2022.10.01 9:00	7
2022.10.01 10:00	3
2022.10.01 11:00	4
2022.10.01 12:00	9
2022.10.01 13:00	7
2022.10.01 14:00	5
2022.10.01 15:00	2
2022.10.01 16:00	17
2022.10.01 17:00	16
2022.10.01 18:00	17
2022.10.01 19:00	22
2022.10.01 20:00	11
2022.10.01 21:00	8
2022.10.01 22:00	4
2022.10.01 23:00	2
2022.10.02 0:00	
2022.10.02 1:00	2
2022.10.02 2:00	2
2022.10.02 3:00	7
2022.10.02 4:00	7
2022.10.02 5:00	3
2022.10.02 6:00	5
2022.10.02 7:00	10
2022.10.02 8:00	1
2022.10.02 9:00	3
2022.10.02 10:00	6
2022.10.02 11:00	6
2022.10.02 12:00	3
2022.10.02 13:00	4
2022.10.02 14:00	3
2022.10.02 15:00	5
2022.10.02 16:00	5
2022.10.02 17:00	8
2022.10.02 18:00	14
2022.10.02 19:00	6
2022.10.02 20:00	13
2022.10.02 21:00	10
2022.10.02 22:00	9
2022.10.02 23:00	3
2022.10.03 0:00	2
2022.10.03 1:00	4
2022.10.03 2:00	7
2022.10.03 3:00	4
2022.10.03 4:00	8
2022.10.03 5:00	10
2022.10.03 6:00	10
2022.10.03 7:00	14
2022.10.03 8:00	6
2022.10.03 9:00	3
2022.10.03 10:00	4
2022.10.03 11:00	6
2022.10.03 12:00	7
2022.10.03 13:00	1
2022.10.03 14:00	7
2022.10.03 15:00	3
2022.10.03 16:00	10
2022.10.03 17:00	4
2022.10.03 18:00	12
2022.10.03 19:00	6
2022.10.03 20:00	4
2022.10.03 21:00	4
2022.10.03 22:00	4
2022.10.03 23:00	6
2022.10.04 0:00	15
2022.10.04 1:00	8
2022.10.04 2:00	6
2022.10.04 3:00	6
2022.10.04 4:00	4
2022.10.04 5:00	5
2022.10.04 6:00	8
2022.10.04 7:00	11
2022.10.04 8:00	6
2022.10.04 9:00	21
2022.10.04 10:00	8
2022.10.04 11:00	10
2022.10.04 12:00	7
2022.10.04 13:00	1
2022.10.04 14:00	9
2022.10.04 15:00	3
2022.10.04 16:00	7
2022.10.04 17:00	22
2022.10.04 18:00	42
2022.10.04 19:00	26
2022.10.04 20:00	12
2022.10.04 21:00	16
2022.10.04 22:00	15
2022.10.04 23:00	9
2022.10.05 0:00	8
2022.10.05 1:00	10
2022.10.05 2:00	9
2022.10.05 3:00	7
2022.10.05 4:00	7
2022.10.05 5:00	8
2022.10.05 6:00	15
2022.10.05 7:00	14
2022.10.05 8:00	15
2022.10.05 9:00	20
2022.10.05 10:00	14
2022.10.05 11:00	18
2022.10.05 12:00	13
2022.10.05 13:00	6
2022.10.05 14:00	7
2022.10.05 15:00	6
2022.10.05 16:00	18
2022.10.05 17:00	15
2022.10.05 18:00	35
2022.10.05 19:00	46
2022.10.05 20:00	24
2022.10.05 21:00	22
2022.10.05 22:00	23
2022.10.05 23:00	14
2022.10.06 0:00	15
2022.10.06 1:00	9
2022.10.06 2:00	18
2022.10.06 3:00	22
2022.10.06 4:00	16
2022.10.06 5:00	12
2022.10.06 6:00	14
2022.10.06 7:00	21
2022.10.06 8:00	22
2022.10.06 9:00	22
2022.10.06 10:00	22
2022.10.06 11:00	8
2022.10.06 12:00	12
2022.10.06 13:00	10
2022.10.06 14:00	23
2022.10.06 15:00	22
2022.10.06 16:00	25
2022.10.06 17:00	34
2022.10.06 18:00	60
2022.10.06 19:00	53
2022.10.06 20:00	38
2022.10.06 21:00	30
2022.10.06 22:00	26
2022.10.06 23:00	32
2022.10.07 0:00	36
2022.10.07 1:00	26
2022.10.07 2:00	21
2022.10.07 3:00	17
2022.10.07 4:00	15
2022.10.07 5:00	15
2022.10.07 6:00	24
2022.10.07 7:00	15
2022.10.07 8:00	13
2022.10.07 9:00	11
2022.10.07 10:00	16
2022.10.07 11:00	14
2022.10.07 12:00	9
2022.10.07 13:00	8
2022.10.07 14:00	12
2022.10.07 15:00	14
2022.10.07 16:00	11
2022.10.07 17:00	21
2022.10.07 18:00	40
2022.10.07 19:00	36
2022.10.07 20:00	41
2022.10.07 21:00	32
2022.10.07 22:00	25
2022.10.07 23:00	27
2022.10.08 0:00	22
2022.10.08 1:00	19
2022.10.08 2:00	19
2022.10.08 3:00	17
2022.10.08 4:00	18
2022.10.08 5:00	18
2022.10.08 6:00	20
2022.10.08 7:00	25
2022.10.08 8:00	28
2022.10.08 9:00	16
2022.10.08 10:00	24
2022.10.08 11:00	18
2022.10.08 12:00	16
2022.10.08 13:00	13
2022.10.08 14:00	13
2022.10.08 15:00	14
2022.10.08 16:00	22
2022.10.08 17:00	31
2022.10.08 18:00	46
2022.10.08 19:00	43
2022.10.08 20:00	35
2022.10.08 21:00	25
2022.10.08 22:00	21
2022.10.08 23:00	13
2022.10.09 0:00	20
2022.10.09 1:00	15
2022.10.09 2:00	16
2022.10.09 3:00	15
2022.10.09 4:00	17
2022.10.09 5:00	16
2022.10.09 6:00	14
2022.10.09 7:00	20
2022.10.09 8:00	34
2022.10.09 9:00	18
2022.10.09 10:00	15
2022.10.09 11:00	15
2022.10.09 12:00	29
2022.10.09 13:00	22
2022.10.09 14:00	7
2022.10.09 15:00	9
2022.10.09 16:00	7
2022.10.09 17:00	9
2022.10.09 18:00	24
2022.10.09 19:00	33
2022.10.09 20:00	38
2022.10.09 21:00	19
2022.10.09 22:00	11
2022.10.09 23:00	19
2022.10.10 0:00	17
2022.10.10 1:00	11
2022.10.10 2:00	8
2022.10.10 3:00	13
2022.10.10 4:00	6
2022.10.10 5:00	14
2022.10.10 6:00	13
2022.10.10 7:00	14
2022.10.10 8:00	14
2022.10.10 9:00	12
2022.10.10 10:00	13
2022.10.10 11:00	7
2022.10.10 12:00	10
2022.10.10 13:00	9
2022.10.10 14:00	11
2022.10.10 15:00	9
2022.10.10 16:00	14
2022.10.10 17:00	42
2022.10.10 18:00	45
2022.10.10 19:00	25
2022.10.10 20:00	26
2022.10.10 21:00	17
2022.10.10 22:00	18
2022.10.10 23:00	11
2022.10.11 0:00	20
2022.10.11 1:00	15
2022.10.11 2:00	22
2022.10.11 3:00	20
2022.10.11 4:00	21
2022.10.11 5:00	16
2022.10.11 6:00	18
2022.10.11 7:00	30
2022.10.11 8:00	33
2022.10.11 9:00	35
2022.10.11 10:00	42
2022.10.11 11:00	25
2022.10.11 12:00	19
2022.10.11 13:00	20
2022.10.11 14:00	25
2022.10.11 15:00	33
2022.10.11 16:00	31
2022.10.11 17:00	53
2022.10.11 18:00	64
2022.10.11 19:00	70
2022.10.11 20:00	65
2022.10.11 21:00	46
2022.10.11 22:00	34
2022.10.11 23:00	12
2022.10.12 0:00	18
2022.10.12 1:00	16
2022.10.12 2:00	20
2022.10.12 3:00	16
2022.10.12 4:00	14
2022.10.12 5:00	16
2022.10.12 6:00	18
2022.10.12 7:00	17
2022.10.12 8:00	28
2022.10.12 9:00	25
2022.10.12 10:00	28
2022.10.12 11:00	16
2022.10.12 12:00	10
2022.10.12 13:00	9
2022.10.12 14:00	14
2022.10.12 15:00	17
2022.10.12 16:00	28
2022.10.12 17:00	46
2022.10.12 18:00	47
2022.10.12 19:00	53
2022.10.12 20:00	41
2022.10.12 21:00	46
2022.10.12 22:00	29
2022.10.12 23:00	22
2022.10.13 0:00	27
2022.10.13 1:00	16
2022.10.13 2:00	17
2022.10.13 3:00	12
2022.10.13 4:00	15
2022.10.13 5:00	9
2022.10.13 6:00	20
2022.10.13 7:00	19
2022.10.13 8:00	29
2022.10.13 9:00	16
2022.10.13 10:00	24
2022.10.13 11:00	18
2022.10.13 12:00	16
2022.10.13 13:00	14
2022.10.13 14:00	24
2022.10.13 15:00	31
2022.10.13 16:00	32
2022.10.13 17:00	34
2022.10.13 18:00	50
2022.10.13 19:00	56
2022.10.13 20:00	34
2022.10.13 21:00	29
2022.10.13 22:00	34
2022.10.13 23:00	27
2022.10.14 0:00	30
2022.10.14 1:00	26
2022.10.14 2:00	22
2022.10.14 3:00	16
2022.10.14 4:00	18
2022.10.14 5:00	16
2022.10.14 6:00	20
2022.10.14 7:00	23
2022.10.14 8:00	37
2022.10.14 9:00	33
2022.10.14 10:00	29
2022.10.14 11:00	18
2022.10.14 12:00	22
2022.10.14 13:00	14
2022.10.14 14:00	15
2022.10.14 15:00	16
2022.10.14 16:00	35
2022.10.14 17:00	64
2022.10.14 18:00	63
2022.10.14 19:00	44
2022.10.14 20:00	21
2022.10.14 21:00	26
2022.10.14 22:00	34
2022.10.14 23:00	25
2022.10.15 0:00	35
2022.10.15 1:00	26
2022.10.15 2:00	19
2022.10.15 3:00	21
2022.10.15 4:00	22
2022.10.15 5:00	24
2022.10.15 6:00	28
2022.10.15 7:00	34
2022.10.15 8:00	32
2022.10.15 9:00	17
2022.10.15 10:00	18
2022.10.15 11:00	11
2022.10.15 12:00	13
2022.10.15 13:00	6
2022.10.15 14:00	18
2022.10.15 15:00	23
2022.10.15 16:00	26
2022.10.15 17:00	24
2022.10.15 18:00	55
2022.10.15 19:00	54
2022.10.15 20:00	25
2022.10.15 21:00	21
2022.10.15 22:00	20
2022.10.15 23:00	23
2022.10.16 0:00	22
2022.10.16 1:00	19
2022.10.16 2:00	17
2022.10.16 3:00	22
2022.10.16 4:00	16
2022.10.16 5:00	20
2022.10.16 6:00	23
2022.10.16 7:00	23
2022.10.16 8:00	21
2022.10.16 9:00	10
2022.10.16 10:00	17
2022.10.16 11:00	12
2022.10.16 12:00	12
2022.10.16 13:00	13
2022.10.16 14:00	14
2022.10.16 15:00	18
2022.10.16 16:00	18
2022.10.16 17:00	21
2022.10.16 18:00	57
2022.10.16 19:00	38
2022.10.16 20:00	35
2022.10.16 21:00	26
2022.10.16 22:00	19
2022.10.16 23:00	20
2022.10.17 0:00	21
2022.10.17 1:00	21
2022.10.17 2:00	17
2022.10.17 3:00	17
2022.10.17 4:00	19
2022.10.17 5:00	16
2022.10.17 6:00	19
2022.10.17 7:00	21
2022.10.17 8:00	22
2022.10.17 9:00	33
2022.10.17 10:00	43
2022.10.17 11:00	21
2022.10.17 12:00	24
2022.10.17 13:00	19
2022.10.17 14:00	15
2022.10.17 15:00	15
2022.10.17 16:00	20
2022.10.17 17:00	40
2022.10.17 18:00	59
2022.10.17 19:00	65
2022.10.17 20:00	53
2022.10.17 21:00	42
2022.10.17 22:00	40
2022.10.17 23:00	31
2022.10.18 0:00	18
2022.10.18 1:00	19
2022.10.18 2:00	18
2022.10.18 3:00	17
2022.10.18 4:00	17
2022.10.18 5:00	14
2022.10.18 6:00	20
2022.10.18 7:00	27
2022.10.18 8:00	27
2022.10.18 9:00	31
2022.10.18 10:00	51
2022.10.18 11:00	26
2022.10.18 12:00	28
2022.10.18 13:00	25
2022.10.18 14:00	14
2022.10.18 15:00	21
2022.10.18 16:00	19
2022.10.18 17:00	34
2022.10.18 18:00	44
2022.10.18 19:00	51
2022.10.18 20:00	45
2022.10.18 21:00	31
2022.10.18 22:00	26
2022.10.18 23:00	20
2022.10.19 0:00	15
2022.10.19 1:00	18
2022.10.19 2:00	16
2022.10.19 3:00	14
2022.10.19 4:00	14
2022.10.19 5:00	21
2022.10.19 6:00	26
2022.10.19 7:00	36
2022.10.19 8:00	33
2022.10.19 9:00	19
2022.10.19 10:00	11
2022.10.19 11:00	11
2022.10.19 12:00	5
2022.10.19 13:00	21
2022.10.19 14:00	9
2022.10.19 15:00	14
2022.10.19 16:00	12
2022.10.19 17:00	22
2022.10.19 18:00	20
2022.10.19 19:00	19
2022.10.19 20:00	16
2022.10.19 21:00	27
2022.10.19 22:00	37
2022.10.19 23:00	12
2022.10.20 0:00	14
2022.10.20 1:00	21
2022.10.20 2:00	13
2022.10.20 3:00	13
2022.10.20 4:00	10
2022.10.20 5:00	7
2022.10.20 6:00	10
2022.10.20 7:00	14
2022.10.20 8:00	17
2022.10.20 9:00	5
2022.10.20 10:00	13
2022.10.20 11:00	6
2022.10.20 12:00	5
2022.10.20 13:00	8
2022.10.20 14:00	5
2022.10.20 15:00	11
2022.10.20 16:00	13
2022.10.20 17:00	37
2022.10.20 18:00	60
2022.10.20 19:00	41
2022.10.20 20:00	28
2022.10.20 21:00	44
2022.10.20 22:00	25
2022.10.20 23:00	10
2022.10.21 0:00	8
2022.10.21 1:00	16
2022.10.21 2:00	9
2022.10.21 3:00	12
2022.10.21 4:00	12
2022.10.21 5:00	13
2022.10.21 6:00	17
2022.10.21 7:00	22
2022.10.21 8:00	40
2022.10.21 9:00	42
2022.10.21 10:00	18
2022.10.21 11:00	31
2022.10.21 12:00	20
2022.10.21 13:00	10
2022.10.21 14:00	16
2022.10.21 15:00	16
2022.10.21 16:00	24
2022.10.21 17:00	34
2022.10.21 18:00	50
2022.10.21 19:00	43
2022.10.21 20:00	53
2022.10.21 21:00	45
2022.10.21 22:00	37
2022.10.21 23:00	28
2022.10.22 0:00	29
2022.10.22 1:00	23
2022.10.22 2:00	26
2022.10.22 3:00	16
2022.10.22 4:00	17
2022.10.22 5:00	14
2022.10.22 6:00	18
2022.10.22 7:00	18
2022.10.22 8:00	20
2022.10.22 9:00	20
2022.10.22 10:00	24
2022.10.22 11:00	24
2022.10.22 12:00	24
2022.10.22 13:00	31
2022.10.22 14:00	36
2022.10.22 15:00	41
2022.10.22 16:00	69
2022.10.22 17:00	72
2022.10.22 18:00	57
2022.10.22 19:00	47
2022.10.22 20:00	39
2022.10.22 21:00	43
2022.10.22 22:00	35
2022.10.22 23:00	32
2022.10.23 0:00	43
2022.10.23 1:00	36
2022.10.23 2:00	30
2022.10.23 3:00	19
2022.10.23 4:00	18
2022.10.23 5:00	15
2022.10.23 6:00	13
2022.10.23 7:00	19
2022.10.23 8:00	25
2022.10.23 9:00	24
2022.10.23 10:00	18
2022.10.23 11:00	14
2022.10.23 12:00	23
2022.10.23 13:00	14
2022.10.23 14:00	11
2022.10.23 15:00	16
2022.10.23 16:00	19
2022.10.23 17:00	33
2022.10.23 18:00	28
2022.10.23 19:00	28
2022.10.23 20:00	18
2022.10.23 21:00	16
2022.10.23 22:00	13
2022.10.23 23:00	16
2022.10.24 0:00	14
2022.10.24 1:00	13
2022.10.24 2:00	16
2022.10.24 3:00	13
2022.10.24 4:00	18
2022.10.24 5:00	16
2022.10.24 6:00	17
2022.10.24 7:00	25
2022.10.24 8:00	25
2022.10.24 9:00	17
2022.10.24 10:00	20
2022.10.24 11:00	19
2022.10.24 12:00	12
2022.10.24 13:00	11
2022.10.24 14:00	16
2022.10.24 15:00	23
2022.10.24 16:00	27
2022.10.24 17:00	34
2022.10.24 18:00	42
2022.10.24 19:00	38
2022.10.24 20:00	43
2022.10.24 21:00	35
2022.10.24 22:00	34
2022.10.24 23:00	37
2022.10.25 0:00	34
2022.10.25 1:00	22
2022.10.25 2:00	18
2022.10.25 3:00	23
2022.10.25 4:00	17
2022.10.25 5:00	24
2022.10.25 6:00	21
2022.10.25 7:00	23
2022.10.25 8:00	19
2022.10.25 9:00	13
2022.10.25 10:00	17
2022.10.25 11:00	16
2022.10.25 12:00	22
2022.10.25 13:00	16
2022.10.25 14:00	24
2022.10.25 15:00	14
2022.10.25 16:00	22
2022.10.25 17:00	45
2022.10.25 18:00	62
2022.10.25 19:00	56
2022.10.25 20:00	49
2022.10.25 21:00	27
2022.10.25 22:00	16
2022.10.25 23:00	15
2022.10.26 0:00	15
2022.10.26 1:00	12
2022.10.26 2:00	16
2022.10.26 3:00	8
2022.10.26 4:00	6
2022.10.26 5:00	8
2022.10.26 6:00	8
2022.10.26 7:00	8
2022.10.26 8:00	7
2022.10.26 9:00	12
2022.10.26 10:00	5
2022.10.26 11:00	8
2022.10.26 12:00	11
2022.10.26 13:00	8
2022.10.26 14:00	2
2022.10.26 15:00	20
2022.10.26 16:00	30
2022.10.26 17:00	22
2022.10.26 18:00	22
2022.10.26 19:00	19
2022.10.26 20:00	23
2022.10.26 21:00	19
2022.10.26 22:00	20
2022.10.26 23:00	16
2022.10.27 0:00	15
2022.10.27 1:00	23
2022.10.27 2:00	24
2022.10.27 3:00	19
2022.10.27 4:00	18
2022.10.27 5:00	10
2022.10.27 6:00	11
2022.10.27 7:00	13
2022.10.27 8:00	15
2022.10.27 9:00	15
2022.10.27 10:00	10
2022.10.27 11:00	20
2022.10.27 12:00	20
2022.10.27 13:00	21
2022.10.27 14:00	20
2022.10.27 15:00	18
2022.10.27 16:00	23
2022.10.27 17:00	30
2022.10.27 18:00	47
2022.10.27 19:00	51
2022.10.27 20:00	50
2022.10.27 21:00	22
2022.10.27 22:00	16
2022.10.27 23:00	8
2022.10.28 0:00	17
2022.10.28 1:00	18
2022.10.28 2:00	15
2022.10.28 3:00	11
2022.10.28 4:00	15
2022.10.28 5:00	15
2022.10.28 6:00	13
2022.10.28 7:00	18
2022.10.28 8:00	13
2022.10.28 9:00	11
2022.10.28 10:00	12
2022.10.28 11:00	12
2022.10.28 12:00	17
2022.10.28 13:00	16
2022.10.28 14:00	15
2022.10.28 15:00	17
2022.10.28 16:00	21
2022.10.28 17:00	27
2022.10.28 18:00	31
2022.10.28 19:00	26
2022.10.28 20:00	30
2022.10.28 21:00	28
2022.10.28 22:00	29
2022.10.28 23:00	17
2022.10.29 0:00	3
2022.10.29 1:00	9
2022.10.29 2:00	14
2022.10.29 3:00	6
2022.10.29 4:00	9
2022.10.29 5:00	10
2022.10.29 6:00	6
2022.10.29 7:00	7
2022.10.29 8:00	6
2022.10.29 9:00	4
2022.10.29 10:00	6
2022.10.29 11:00	10
2022.10.29 12:00	13
2022.10.29 13:00	14
2022.10.29 14:00	12
2022.10.29 15:00	19
2022.10.29 16:00	20
2022.10.29 17:00	26
2022.10.29 18:00	29
2022.10.29 19:00	41
2022.10.29 20:00	39
2022.10.29 21:00	37
2022.10.29 22:00	36
2022.10.29 23:00	28
2022.10.30 0:00	19
2022.10.30 1:00	30
2022.10.30 2:00	27
2022.10.30 3:00	28
2022.10.30 4:00	23
2022.10.30 5:00	27
2022.10.30 6:00	25
2022.10.30 7:00	32
2022.10.30 8:00	24
2022.10.30 9:00	20
2022.10.30 10:00	13
2022.10.30 11:00	6
2022.10.30 12:00	10
2022.10.30 13:00	10
2022.10.30 14:00	15
2022.10.30 15:00	14
2022.10.30 16:00	21
2022.10.30 17:00	38
2022.10.30 18:00	30
2022.10.30 19:00	33
2022.10.30 20:00	32
2022.10.30 21:00	30
2022.10.30 22:00	32
2022.10.30 23:00	17
2022.10.31 0:00	21
2022.10.31 1:00	22
2022.10.31 2:00	20
2022.10.31 3:00	12
2022.10.31 4:00	15
2022.10.31 5:00	14
2022.10.31 6:00	9
2022.10.31 7:00	9
2022.10.31 8:00	8
2022.10.31 9:00	8
2022.10.31 10:00	4
2022.10.31 11:00	12
2022.10.31 12:00	11
2022.10.31 13:00	14
2022.10.31 14:00	17
2022.10.31 15:00	26
2022.10.31 16:00	35
2022.10.31 17:00	33
2022.10.31 18:00	33
2022.10.31 19:00	22
2022.10.31 20:00	19
2022.10.31 21:00	10
2022.10.31 22:00	8
2022.10.31 23:00	6
2022.11.01 0:00	12
2022.11.01 1:00	9
2022.11.01 2:00	9
2022.11.01 3:00	11
2022.11.01 4:00	9
2022.11.01 5:00	8
2022.11.01 6:00	9
2022.11.01 7:00	6
2022.11.01 8:00	4
2022.11.01 9:00	15
2022.11.01 10:00	19
2022.11.01 11:00	29
2022.11.01 12:00	27
2022.11.01 13:00	30
2022.11.01 14:00	27
2022.11.01 15:00	32
2022.11.01 16:00	39
2022.11.01 17:00	33
2022.11.01 18:00	39
2022.11.01 19:00	37
2022.11.01 20:00	36
2022.11.01 21:00	36
2022.11.01 22:00	24
2022.11.01 23:00	10
2022.11.02 0:00	16
2022.11.02 1:00	8
2022.11.02 2:00	6
2022.11.02 3:00	10
2022.11.02 4:00	7
2022.11.02 5:00	8
2022.11.02 6:00	12
2022.11.02 7:00	12
2022.11.02 8:00	23
2022.11.02 9:00	20
2022.11.02 10:00	22
2022.11.02 11:00	10
2022.11.02 12:00	13
2022.11.02 13:00	17
2022.11.02 14:00	15
2022.11.02 15:00	21
2022.11.02 16:00	23
2022.11.02 17:00	30
2022.11.02 18:00	40
2022.11.02 19:00	27
2022.11.02 20:00	30
2022.11.02 21:00	46
2022.11.02 22:00	46
2022.11.02 23:00	45
2022.11.03 0:00	35
2022.11.03 1:00	30
2022.11.03 2:00	18
2022.11.03 3:00	18
2022.11.03 4:00	21
2022.11.03 5:00	29
2022.11.03 6:00	24
2022.11.03 7:00	34
2022.11.03 8:00	30
2022.11.03 9:00	34
2022.11.03 10:00	28
2022.11.03 11:00	17
2022.11.03 12:00	14
2022.11.03 13:00	16
2022.11.03 14:00	28
2022.11.03 15:00	25
2022.11.03 16:00	20
2022.11.03 17:00	24
2022.11.03 18:00	25
2022.11.03 19:00	24
2022.11.03 20:00	23
2022.11.03 21:00	27
2022.11.03 22:00	28
2022.11.03 23:00	26
2022.11.04 0:00	27
2022.11.04 1:00	33
2022.11.04 2:00	22
2022.11.04 3:00	20
2022.11.04 4:00	19
2022.11.04 5:00	17
2022.11.04 6:00	19
2022.11.04 7:00	19
2022.11.04 8:00	24
2022.11.04 9:00	23
2022.11.04 10:00	12
2022.11.04 11:00	17
2022.11.04 12:00	10
2022.11.04 13:00	10
2022.11.04 14:00	10
2022.11.04 15:00	26
2022.11.04 16:00	26
2022.11.04 17:00	49
2022.11.04 18:00	60
2022.11.04 19:00	61
2022.11.04 20:00	50
2022.11.04 21:00	45
2022.11.04 22:00	37
2022.11.04 23:00	30
2022.11.05 0:00	22
2022.11.05 1:00	27
2022.11.05 2:00	20
2022.11.05 3:00	35
2022.11.05 4:00	31
2022.11.05 5:00	26
2022.11.05 6:00	28
2022.11.05 7:00	24
2022.11.05 8:00	24
2022.11.05 9:00	20
2022.11.05 10:00	25
2022.11.05 11:00	27
2022.11.05 12:00	27
2022.11.05 13:00	26
2022.11.05 14:00	26
2022.11.05 15:00	28
2022.11.05 16:00	29
2022.11.05 17:00	12
2022.11.05 18:00	3
2022.11.05 19:00	3
2022.11.05 20:00	8
2022.11.05 21:00	1
2022.11.05 22:00	3
2022.11.05 23:00	7
2022.11.06 0:00	22
2022.11.06 1:00	9
2022.11.06 2:00	2
2022.11.06 3:00	3
2022.11.06 4:00	5
2022.11.06 5:00	5
2022.11.06 6:00	4
2022.11.06 7:00	3
2022.11.06 8:00	5
2022.11.06 9:00	6
2022.11.06 10:00	4
2022.11.06 11:00	4
2022.11.06 12:00	3
2022.11.06 13:00	9
2022.11.06 14:00	13
2022.11.06 15:00	11
2022.11.06 16:00	11
2022.11.06 17:00	19
2022.11.06 18:00	41
2022.11.06 19:00	64
2022.11.06 20:00	67
2022.11.06 21:00	44
2022.11.06 22:00	30
2022.11.06 23:00	26
2022.11.07 0:00	25
2022.11.07 1:00	18
2022.11.07 2:00	15
2022.11.07 3:00	13
2022.11.07 4:00	8
2022.11.07 5:00	6
2022.11.07 6:00	9
2022.11.07 7:00	18
2022.11.07 8:00	24
2022.11.07 9:00	23
2022.11.07 10:00	22
2022.11.07 11:00	24
2022.11.07 12:00	21
2022.11.07 13:00	15
2022.11.07 14:00	22
2022.11.07 15:00	22
2022.11.07 16:00	30
2022.11.07 17:00	31
2022.11.07 18:00	38
2022.11.07 19:00	37
2022.11.07 20:00	30
2022.11.07 21:00	33
2022.11.07 22:00	25
2022.11.07 23:00	25
2022.11.08 0:00	23
2022.11.08 1:00	14
2022.11.08 2:00	18
2022.11.08 3:00	16
2022.11.08 4:00	14
2022.11.08 5:00	18
2022.11.08 6:00	16
2022.11.08 7:00	7
2022.11.08 8:00	61
2022.11.08 9:00	35
2022.11.08 10:00	5
2022.11.08 11:00	4
2022.11.08 12:00	9
2022.11.08 13:00	12
2022.11.08 14:00	14
2022.11.08 15:00	18
2022.11.08 16:00	25
2022.11.08 17:00	34
2022.11.08 18:00	33
2022.11.08 19:00	34
2022.11.08 20:00	34
2022.11.08 21:00	33
2022.11.08 22:00	20
2022.11.08 23:00	24
2022.11.09 0:00	25
2022.11.09 1:00	23
2022.11.09 2:00	18
2022.11.09 3:00	15
2022.11.09 4:00	12
2022.11.09 5:00	14
2022.11.09 6:00	15
2022.11.09 7:00	12
2022.11.09 8:00	14
2022.11.09 9:00	7
2022.11.09 10:00	13
2022.11.09 11:00	17
2022.11.09 12:00	17
2022.11.09 13:00	18
2022.11.09 14:00	14
2022.11.09 15:00	18
2022.11.09 16:00	24
2022.11.09 17:00	40
2022.11.09 18:00	45
2022.11.09 19:00	39
2022.11.09 20:00	31
2022.11.09 21:00	37
2022.11.09 22:00	32
2022.11.09 23:00	40
2022.11.10 0:00	40
2022.11.10 1:00	43
2022.11.10 2:00	38
2022.11.10 3:00	30
2022.11.10 4:00	30
2022.11.10 5:00	28
2022.11.10 6:00	45
2022.11.10 7:00	43
2022.11.10 8:00	40
2022.11.10 9:00	34
2022.11.10 10:00	42
2022.11.10 11:00	27
2022.11.10 12:00	17
2022.11.10 13:00	19
2022.11.10 14:00	7
2022.11.10 15:00	18
2022.11.10 16:00	19
2022.11.10 17:00	44
2022.11.10 18:00	75
2022.11.10 19:00	72
2022.11.10 20:00	68
2022.11.10 21:00	69
2022.11.10 22:00	50
2022.11.10 23:00	32
2022.11.11 0:00	20
2022.11.11 1:00	26
2022.11.11 2:00	19
2022.11.11 3:00	24
2022.11.11 4:00	27
2022.11.11 5:00	21
2022.11.11 6:00	20
2022.11.11 7:00	18
2022.11.11 8:00	34
2022.11.11 9:00	34
2022.11.11 10:00	34
2022.11.11 11:00	19
2022.11.11 12:00	22
2022.11.11 13:00	13
2022.11.11 14:00	20
2022.11.11 15:00	29
2022.11.11 16:00	33
2022.11.11 17:00	61
2022.11.11 18:00	80
2022.11.11 19:00	92
2022.11.11 20:00	91
2022.11.11 21:00	55
2022.11.11 22:00	31
2022.11.11 23:00	24
2022.11.12 0:00	25
2022.11.12 1:00	27
2022.11.12 2:00	22
2022.11.12 3:00	19
2022.11.12 4:00	36
2022.11.12 5:00	33
2022.11.12 6:00	32
2022.11.12 7:00	34
2022.11.12 8:00	37
2022.11.12 9:00	41
2022.11.12 10:00	31
2022.11.12 11:00	20
2022.11.12 12:00	20
2022.11.12 13:00	19
2022.11.12 14:00	23
2022.11.12 15:00	25
2022.11.12 16:00	31
2022.11.12 17:00	38
2022.11.12 18:00	49
2022.11.12 19:00	57
2022.11.12 20:00	66
2022.11.12 21:00	60
2022.11.12 22:00	53
2022.11.12 23:00	43
2022.11.13 0:00	37
2022.11.13 1:00	39
2022.11.13 2:00	35
2022.11.13 3:00	33
2022.11.13 4:00	25
2022.11.13 5:00	21
2022.11.13 6:00	16
2022.11.13 7:00	17
2022.11.13 8:00	19
2022.11.13 9:00	23
2022.11.13 10:00	19
2022.11.13 11:00	18
2022.11.13 12:00	17
2022.11.13 13:00	22
2022.11.13 14:00	23
2022.11.13 15:00	26
2022.11.13 16:00	29
2022.11.13 17:00	31
2022.11.13 18:00	30
2022.11.13 19:00	27
2022.11.13 20:00	22
2022.11.13 21:00	19
2022.11.13 22:00	17
2022.11.13 23:00	20
2022.11.14 0:00	13
2022.11.14 1:00	18
2022.11.14 2:00	17
2022.11.14 3:00	13
2022.11.14 4:00	11
2022.11.14 5:00	12
2022.11.14 6:00	15
2022.11.14 7:00	10
2022.11.14 8:00	17
2022.11.14 9:00	17
2022.11.14 10:00	18
2022.11.14 11:00	13
2022.11.14 12:00	22
2022.11.14 13:00	22
2022.11.14 14:00	25
2022.11.14 15:00	32
2022.11.14 16:00	33
2022.11.14 17:00	33
2022.11.14 18:00	25
2022.11.14 19:00	23
2022.11.14 20:00	27
2022.11.14 21:00	22
2022.11.14 22:00	29
2022.11.14 23:00	30
2022.11.15 0:00	22
2022.11.15 1:00	25
2022.11.15 2:00	20
2022.11.15 3:00	25
2022.11.15 4:00	20
2022.11.15 5:00	14
2022.11.15 6:00	19
2022.11.15 7:00	23
2022.11.15 8:00	24
2022.11.15 9:00	29
2022.11.15 10:00	29
2022.11.15 11:00	24
2022.11.15 12:00	25
2022.11.15 13:00	19
2022.11.15 14:00	24
2022.11.15 15:00	27
2022.11.15 16:00	35
2022.11.15 17:00	37
2022.11.15 18:00	41
2022.11.15 19:00	32
2022.11.15 20:00	37
2022.11.15 21:00	32
2022.11.15 22:00	27
2022.11.15 23:00	30
2022.11.16 0:00	31
2022.11.16 1:00	28
2022.11.16 2:00	24
2022.11.16 3:00	25
2022.11.16 4:00	28
2022.11.16 5:00	24
2022.11.16 6:00	24
2022.11.16 7:00	27
2022.11.16 8:00	34
